file,formula,ismetal,H-mass,e-mass,bandgap,bandgap_type,formation_energy_per_atom,ehull,¦ĹˇÎ ,¦ĹˇÍ 
1,Bi2I2O,TRUE,,,-2.7898,Indirect,-0.5297501,0.594526347,,
2,Bi2K2Mn,TRUE,,,-0.4612,Indirect,0.697860414,1.108021287,,
3,Bi2O3,FALSE,2.023,-4.166,2.6442,Indirect,-1.98661011,0.2507593,,
4,Bi7Br8Rh,FALSE,1.071,0.373,0.9361,Indirect,-0.783689118,0.125187943,,
5,AlCl8Nb,FALSE,-0.55,-5.422,2.067,Indirect,-1.48190396,0.0818363,,
6,BiF20Sb3,FALSE,-21.86,-16.568,2.0573,Indirect,-2.074108648,0.014700563,,
7,BiF9Xe,FALSE,60.515,-9.954,1.9416,Indirect,-1.179317555,0.023027273,,
8,BiO5Re,FALSE,6.173,-17.123,2.6933,Indirect,-2.357836643,0.168317202,,
9,BiTe2Th2,TRUE,,,-2.0244,Indirect,0.14843439,1.299244263,,
10,Br12TeZr2,FALSE,-4.413,-2.497,2.4258,Indirect,-1.42570272,0.092901667,,
11,Br2C3O,FALSE,20.533,4.141,1.2267,Indirect,-0.385827593,0.387942125,,
12,Br2CSe4,FALSE,-2.98,23.731,1.3285,Indirect,-0.145265109,0.340275693,,
13,Br2CuN2,TRUE,,,-0.5708,Indirect,0.622267828,1.43135479,,
14,Br2Dy2O,TRUE,,,-0.2914,Indirect,-1.597014542,1.259799131,,
15,Br2Er2O,TRUE,,,-0.2772,Indirect,-1.620813812,1.227446767,,
16,Br2FPb2,TRUE,,,-2.0636,Indirect,-0.798419772,0.74539856,,
17,Br2FSm2,TRUE,,,-0.5044,Indirect,-1.486109232,0.872077503,,
18,Br2FTm2,TRUE,,,-0.5786,Indirect,-1.547624292,0.81959998,,
19,Br2FYb2,TRUE,,,-0.6042,Indirect,-1.551480412,0.55154022,,
20,Br2Ge2S3,FALSE,12.895,3.42,2.3175,Indirect,-0.556780249,0.051520143,,
21,Br2Ho2O,TRUE,,,-0.2605,Indirect,-1.605219032,1.246997862,,
22,Br2La2O,TRUE,,,-0.1519,Indirect,-1.571552712,1.281742875,,
23,Br2Lu2O,TRUE,,,-0.3441,Indirect,-1.656032472,1.202444953,,
24,Br2N2Zn,TRUE,,,0.2235,Indirect,0.170690558,0.896071711,,
25,Br2NP,FALSE,21.556,-3.483,3.0378,Indirect,-0.523345035,0.047571075,3.438378964,3.679346451
26,Br2NTh2,TRUE,,,-0.4715,Indirect,-0.681259502,1.28795653,,
27,Br2NU2,TRUE,,,-0.3386,Indirect,-0.260373942,1.3975402,,
28,Br2Nd2O,TRUE,,,-0.2132,Indirect,-1.474992202,1.35109835,,
29,AgF9Xe,FALSE,6.679,-6.368,1.5684,Indirect,-0.622617127,0.008537586,,
30,Br2O3,FALSE,49.814,-69.491,1.9605,Direct,-0.770074952,0.3144466,,
31,Br2OPr2,TRUE,,,-0.2088,Indirect,-1.508048792,1.355071417,,
32,Br2OPu2,TRUE,,,-0.2252,Indirect,-0.444418812,1.135154383,,
33,Br2OS,FALSE,3.42,-3.399,2.6398,Direct,-0.944327789,0.103487594,,
34,AlI3,FALSE,10.655,-2.274,3.0725,Indirect,-0.611693125,0.093639,3.244740188,2.621894355
35,Br2OSm2,TRUE,,,-0.2287,Indirect,-1.510062172,1.32726635,,
36,Br2OTb2,TRUE,,,-0.2493,Indirect,-1.576664979,1.271973093,,
37,Br2OU2,TRUE,,,-0.4226,Indirect,-1.123729312,1.240120175,,
38,Br2OY2,TRUE,,,-0.2142,Indirect,-1.652158312,1.216720417,,
39,Br2OYb2,TRUE,,,-0.3419,Indirect,-1.644861752,0.99560572,,
40,Br2O,FALSE,4.115,-1.809,1.9376,Indirect,-0.478666287,0.36623915,,
41,Br2P4Se3,FALSE,2.037,-2.469,2.2095,Direct,-0.307445031,0.104377861,,
42,Br2S7Te,FALSE,8.809,5.608,2.0119,Indirect,-0.124045449,0.08411905,,
43,Br2Si,FALSE,54.101,-39.716,2.408,Indirect,-0.989439542,0.093370636,,
44,Br2Th,FALSE,-12.095,-8101.586,0.5104,Direct,-0.330373937,1.582748283,,
45,Br3CF,FALSE,-4.125,-3.517,3.2528,Direct,-0.493203418,0.293328738,,
46,Br3Ga,FALSE,32.836,-2.4,3.2053,Indirect,-1.09878965,0.067777075,3.025970271,2.467058449
47,Br3InSn,FALSE,8.191,1.954,2.9426,Indirect,-0.915373475,0.1710879,,
48,Br3NSe2,FALSE,-21.492,8070.842,1.2089,Indirect,-0.121573473,0.388679792,,
49,Br3OP,FALSE,8.711,-35.787,3.2789,Indirect,-1.264687894,0.09220405,3.383336642,3.946941739
50,Br3P,FALSE,-1.407,2.971,3.2049,Indirect,-0.629596267,0.1017562,,
51,Br3Re3S4,FALSE,1.583,-0.145,0.0291,Direct,-0.532017782,0.139134383,,
52,AlI6Sb,FALSE,2.422,-58.017,2.0443,Indirect,-0.482179563,0.0759465,,
53,Br3Re3Te4,TRUE,,,-0.0023,Indirect,-0.325068144,0.060462271,,
54,Br3Sb,FALSE,4.963,-2.624,2.8128,Indirect,-0.861671023,0.1490062,,
55,Br3Si,FALSE,8.497,-2.259,4.1117,Indirect,-1.114957173,0.067472316,3.883941122,4.1323222
56,Br3Tl,FALSE,2.268,-1.307,1.1406,Indirect,-0.6294135,0.208667447,,
57,Br4C4S,FALSE,7.305,-7.52,2.7602,Direct,0.062460443,0.338912354,,
58,Br4C4Se,FALSE,10.9,-5.323,2.7869,Direct,0.090560542,0.484603667,,
59,Br4C,,,,,Direct,-0.093606559,0.355457075,,
60,Br4Ge,FALSE,34.219,-5.421,2.9108,Direct,-0.887281734,0.131906325,,
61,Br4ReTe2,FALSE,10.008,0.801,2.0492,Indirect,-0.581851596,0.064789786,,
62,Br4Sn,FALSE,13.938,-4.745,2.5397,Direct,-0.956075654,0.10380775,,
63,Br4Te,FALSE,3.965,5.876,2.421,Indirect,-0.723455909,0.06729015,,
64,Br5Nb,FALSE,-1.764,-6.97,1.4959,Indirect,-1.324517608,-0.005261125,,
65,Br5Pa,FALSE,3.05,12.376,1.845,Indirect,-1.775573117,0.066208125,,
66,As2O3,FALSE,3.903,-2.719,3.4951,Direct,-2.05136538,0.07753395,3.998076986,3.164016175
67,Br5Re3Se2,FALSE,11.343,-5.993,1.7094,Direct,-0.71453158,0.02234345,,
68,Br5ReTe3,FALSE,17.228,8.324,1.4113,Indirect,-0.500661336,0.120927911,,
69,Br5Ta,FALSE,-15.208,-10.054,1.9981,Indirect,-1.311682581,0.059426458,,
70,Br5W,FALSE,3.576,-4.262,0.1446,Direct,-0.995885733,0.101159972,,
71,Br6PdSe2,FALSE,0.346,-4.865,1.4995,Indirect,-0.608081137,0.065186911,,
72,As2O9S2,FALSE,5.312,1.304,4.2264,Indirect,-2.178978707,0.055883077,10.74565388,3.717534965
73,Br6Te,FALSE,0.979,0.38,0.4558,Indirect,-0.453088201,0.267554782,,
74,Br6W,FALSE,-3.009,-2.129,1.0972,Indirect,-0.976335626,0.104431071,,
75,Br7Re3,FALSE,-3.518,19656.132,0.5897,Indirect,-0.554262336,0.148021328,,
76,Br8Ga2Pd,FALSE,2.68,6.222,1.4088,Indirect,-0.993736119,0.067830955,,
77,As2P2S7,FALSE,13.219,-7.851,2.5403,Indirect,-0.111075647,0.092733545,7.150102826,3.88458775
78,Br8S9Ta4,FALSE,8.524,5.769,1.2891,Indirect,-0.98376281,0.048983095,,
79,Br9IrSe3,FALSE,-1.082,-5.041,1.7257,Indirect,-0.651326802,0.0851125,,
80,Br9TaTe,FALSE,-9.579,-84.531,2.1252,Indirect,-1.035041593,0.072266091,,
81,Br9TeW,TRUE,,,1.1097,Indirect,-0.854516654,0.103301939,,
82,BrCF2,FALSE,-2.277,-10.511,4.3846,Indirect,-1.081343195,0.187311328,,
83,BrCN,FALSE,-16.733,0.794,5.1215,Indirect,0.413878923,0.60410041,,
84,BrFO2,FALSE,-1.75,5.875,2.7953,Indirect,-0.94027152,0.21695459,,
85,BrHgI,FALSE,0.746,-21.178,1.9231,Indirect,-0.433802777,0.066198786,,
86,BrHg,FALSE,4.204,0.335,2.3309,Indirect,-0.495322515,0.15436225,,
87,BrSYb,FALSE,2504332.975,-37691.332,0.0092,Indirect,-0.117409325,1.526556625,,
88,As4S3,FALSE,1.44,1.792,2.0299,Indirect,-0.023414247,0.147543748,,
89,BrSe,FALSE,2.75,-5.696,1.7878,Indirect,-0.462052653,0.13219915,,
90,As4S5,FALSE,1.964,4.197,1.8187,Indirect,-0.078510019,0.109828097,,
91,C12F10S,FALSE,12.229,-11.872,3.3024,Indirect,-0.693070482,0.310836685,,
92,C13Cl12,FALSE,-3.1,-32.239,2.4447,Indirect,-0.00792635,0.181778728,,
93,C2Cl6S7,FALSE,3.975,0.774,2.6826,Indirect,-0.072679869,0.11219735,,
94,C2F6O3,FALSE,-17.959,12.814,4.2766,Indirect,-1.639831882,0.157652625,,
95,C2F6S,FALSE,-12.918,-13.535,4.1051,Indirect,-1.245976277,0.256377417,,
96,C2IO,FALSE,2.966,-42.113,2.1515,Direct,-0.269555288,0.622070319,,
97,C2IS3,FALSE,-0.438,2.405,1.8473,Indirect,0.284894111,0.317855983,,
98,C2N2O,FALSE,18.202,15.961,2.2118,Indirect,-0.193498887,0.490924596,,
99,C2N2S3,FALSE,63.563,-2.303,2.5648,Direct,0.470234317,0.47628344,,
100,C2N2S9,FALSE,-2.045,-5.638,2.5186,Indirect,0.309572204,0.31156566,,
101,C2N2S,FALSE,-3.871,-3.322,3.9535,Direct,0.681746681,0.691310717,,
102,As4Se3,FALSE,-13.873,-4.616,1.7948,Indirect,-0.1720159,0.1843678,,
103,C2N2Se3,FALSE,20.317,-7.033,1.999,Indirect,0.340629271,0.502005119,,
104,C2N2Se,FALSE,-2.237,-2.122,3.5996,Direct,0.66185736,0.740924454,,
105,C2O2Si,TRUE,,,-1.5609,Indirect,-0.82427759,1.5325317,,
106,C2S,FALSE,5.637,-3.605,2.4445,Indirect,0.297840344,0.339445625,,
107,Ac2Br2O,TRUE,,,-0.1286,Indirect,-1.696390902,1.250868287,,
108,C2Zn,FALSE,14.904,-4.259,1.4862,Indirect,1.361620833,1.4045625,,
109,C3Cl2O,FALSE,11.092,7.673,1.301,Indirect,-0.441827288,0.258856387,,
110,C3F2I,FALSE,40.052,-8.096,3.0442,Direct,-0.411662142,0.377540942,,
111,AsB2Cl2,FALSE,2.529,6.422,3.2847,Indirect,-0.711049075,0.231031708,,
112,C3F2O,FALSE,30.634,7.858,1.5747,Indirect,-0.9315244,0.404692854,,
113,C3F5,FALSE,24552.682,39.775,4.5792,Indirect,-1.194658188,0.224713125,,
114,C3IN,FALSE,-2.858,-10.069,2.1294,Indirect,1.82848404,1.86590313,,
115,C3Mg2,FALSE,2.778,-1.365,1.7972,Direct,0.478262382,0.51922559,,
116,C3N3P,FALSE,-79.167,-9.169,4.4353,Indirect,0.683439689,0.827648744,,
117,AsBr3,FALSE,-10.888,-2.192,3.0235,Indirect,-0.750081335,0.106666638,,
118,C3N4,FALSE,5.999,-7.275,5.1734,Indirect,0.817319,0.825808196,,
119,C3O2S3,FALSE,44.036,33.843,1.3425,Indirect,-0.480036123,0.382982625,,
120,C3O2,FALSE,-54.379,-3.943,3.9148,Indirect,-0.78970694,0.59276595,,
121,C3OS4,FALSE,6.055,1.499,2.269,Indirect,-0.132083934,0.310527953,,
122,C3OS7,FALSE,-11.973,6.457,1.8183,Indirect,-0.07465766,0.246495125,,
123,AsC3N3,FALSE,29.016,-13.093,4.5954,Indirect,0.749113993,0.762870946,,
124,C3S4,FALSE,-72.969,-4.957,1.2083,Indirect,0.316788982,0.342557321,,
125,C3S8,FALSE,9.107,-17.067,1.4413,Indirect,0.264307113,0.279709455,,
126,C4Cl2N,FALSE,10.437,-4.661,2.6077,Indirect,0.160434803,0.278248386,,
127,C4Cl3N,FALSE,140.361,-256.582,2.2507,Indirect,-0.009790399,0.134062381,,
128,C4Cl5,,,,,Direct,-0.038716757,0.170810333,,
129,C4F6Hg,FALSE,-6.573,0.974,3.6411,Indirect,-0.745705736,0.509213136,,
130,C4F6O5,FALSE,-192.651,31.088,5.2914,Indirect,-1.91259936,0.117671242,,
131,C4O2S,,,,,Direct,-0.455918899,0.540281571,,
132,C4O2Se,FALSE,27.844,-13.739,1.7363,Indirect,-0.411398914,0.653621393,,
133,C4O4Os,FALSE,112.702,-25.864,3.0381,Direct,-1.269515378,0.252418389,,
134,C4O4Ru,FALSE,2.14,-17.903,2.1823,Indirect,-1.296064156,0.238898806,,
135,AsCF3,FALSE,99.854,-2.78,3.4052,Direct,-1.196615,0.53675325,,
136,C5Cl4,FALSE,-4.484,8.256,2.0851,Indirect,-0.026954361,0.153422711,,
137,C5N4,FALSE,15.894,-6.546,5.6757,Indirect,0.758793833,0.774661495,,
138,C5O5Tc,FALSE,-11.187,-11.216,2.8843,Indirect,-1.332391432,0.306747034,,
139,AsCl3O,FALSE,4.762,-12.979,2.4565,Indirect,-0.978845368,0.05270705,,
140,C6CrO6,FALSE,8.768,-3.739,3.4352,Direct,-1.389079627,0.235906224,,
141,C6F7I,FALSE,-3.575,19.225,3.0214,Indirect,-0.790830239,0.358468975,,
142,AsCl3,FALSE,3.169,-3.533,3.8077,Indirect,-0.753694685,0.067561625,4.82861165,4.310211067
143,C6MoO6,FALSE,6.386,-2.875,3.0601,Direct,-1.3607342,0.388427829,,
144,C6O6W,FALSE,4.3,-2.345,2.9085,Direct,-1.386960738,0.49901449,,
145,C7Cl5,FALSE,-10.097,1.735,2.0724,Indirect,-0.00691088,0.166178687,,
146,C7Cl8,,,,,Direct,-0.0319095,0.171787587,,
147,C8Cl3F2,FALSE,4.4,-7.259,2.0715,Direct,-0.27463098,0.183373119,,
148,C8Cl4O3,FALSE,-17.368,3.726,2.5749,Indirect,-0.624167137,0.168917852,,
149,C8Cl5,FALSE,-36.326,2.999,2.0116,Indirect,-0.008416543,0.156264365,,
150,CCdN2,TRUE,,,-0.6946,Indirect,1.538664375,1.54023231,,
151,CCl18W6,FALSE,-12.948,-47.679,0.9369,Direct,-1.138187585,0.04308632,,
152,AsCl5,FALSE,-4.783,3.284,1.6763,Indirect,-0.473734144,0.118779204,,
153,CCl2F2,FALSE,5.807,1.522,5.6583,Indirect,-0.971533085,0.06476434,2.468113212,2.563341958
154,CCl2O,FALSE,34.69,-17.444,4.3752,Direct,-0.917387994,0.101749019,,
155,CCl2S,FALSE,-0.885,-7.865,2.5645,Direct,0.042416632,0.250240275,,
156,CCl3F,FALSE,8.356,-3.358,4.6992,Direct,-0.572133768,0.08284351,2.731275946,3.012256287
157,CCl3,FALSE,-37.173,-8.197,4.5438,Indirect,-0.196173516,0.064366106,2.545488589,2.11159642
158,CCl4,,,,,Direct,-0.194441575,0.079215555,,
159,CCl7Si3,FALSE,-1510.862,20979.085,4.0594,Indirect,-1.08880654,0.106083737,,
160,CCl8Si3,FALSE,-9.851,12.053,4.4227,Indirect,-1.137209229,0.097218125,2.944805708,2.770860612
161,CClF3,FALSE,22.104,-17.938,6.6789,Direct,-1.385436703,0.03218087,2.51103327,3.396723728
162,CClN3,TRUE,,,0.1242,Indirect,0.665425187,0.730245439,,
163,CClN,FALSE,7.756,418.524,3.7492,Indirect,0.023821923,0.142797759,,
164,CF2Te,FALSE,18.532,-1.092,1.6182,Indirect,-0.664160669,0.689218185,,
165,CF2,FALSE,-4.137,2.753,4.7456,Indirect,-1.261129933,0.248614333,,
166,CF3I,FALSE,4.023,0.434,3.5276,Indirect,-1.15317715,0.21490133,,
167,AsF3,FALSE,-49.335,1077.428,5.4945,Indirect,-2.084843375,0.065922688,8.854146907,3.802889775
168,CF,FALSE,-56.409,-26.086,4.4143,Direct,-0.830138033,0.318114417,,
169,CI12Zr6,FALSE,-3.761,10.176,0.3122,Indirect,-0.960665979,0.104748805,,
170,CI2,FALSE,3.557,-2.572,2.0038,Indirect,0.593476133,0.667022933,,
171,CI4,FALSE,-31.038,-2.424,1.2545,Indirect,0.59387606,0.66937682,,
172,CIN,FALSE,2.442,-2.33,4.5687,Direct,0.665987733,0.700558022,,
173,CI,FALSE,10.696,-11.118,2.5098,Indirect,1.041096287,1.112200638,,
174,CN2S2,FALSE,10.716,-8.729,0.2117,Direct,0.458067062,0.458745008,,
175,CN2S,FALSE,3.299,-4.704,1.9134,Direct,0.378680664,0.380212635,,
176,CN2Te,FALSE,-0.681,-0.18,0.6364,Direct,0.584482531,0.607148694,,
177,AsF5,FALSE,10.439,-15.595,4.7366,Direct,-1.971868133,0.02223225,2.772778811,2.794523636
178,CN4S3,FALSE,-22.079,5.387,1.7826,Indirect,0.57219634,0.568174505,,
179,CN6O,FALSE,17.675,-15.594,3.7491,Indirect,0.183089113,0.59743569,,
180,CNO,FALSE,-176.554,38339.081,3.7072,Indirect,-0.551405367,0.580874049,,
181,CNS2,FALSE,-9.14,-3.221,2.7088,Direct,0.449185265,0.454135979,,
182,CNS3,FALSE,10.884,-10.884,2.8921,Direct,0.374180594,0.377593533,,
183,CNSe,FALSE,-4.969,8.141,2.3139,Indirect,0.5224626,0.645814701,,
184,COS,FALSE,-18.023,-2.87,4.7955,Direct,-0.922115565,0.218402958,,
185,AsF7Kr,FALSE,21.514,-16.645,2.3782,Direct,-1.379840172,0.017599444,,
186,CS2,FALSE,1.548,-1.607,3.2113,Direct,0.365962437,0.385396,,
187,CS3,FALSE,-18.333,-6.045,1.5441,Indirect,0.57534068,0.589231312,,
188,Al2Cl8Cr,FALSE,9.645,-9.003,1.803,Indirect,-1.436485296,0.050921953,,
189,CSe2,FALSE,2.547,-3.727,2.3375,Direct,0.515050867,0.855643667,,
190,AsI3,FALSE,6.519,1.784,1.9818,Indirect,-0.040209144,0.240940181,,
191,Ce2Cl2O,TRUE,,,-0.2306,Indirect,-1.457711095,1.43337264,,
192,Cl10O7Si6,FALSE,10.052,1.492,5.5581,Indirect,-2.490858253,0.039825,3.430459202,3.781526858
193,Cl10PdTe2,FALSE,7.426,-4.873,2.0252,Direct,-0.664349079,0.047958788,,
194,Cl11F4Sb3,FALSE,-5.382,22.472,1.7229,Indirect,-1.132630616,0.044123028,,
195,AsN9,FALSE,10.767,2.043,3.5237,Indirect,0.673276495,0.6605508,,
196,Cl13F7Sb4,FALSE,-11.13,-35.18,1.7777,Indirect,-1.258537636,0.040685667,,
197,Cl16MoTe3,FALSE,-16.402,-17.851,0.5147,Indirect,-0.744338507,0.079372494,,
198,Cl2CrO2,FALSE,4.449,21.181,2.2066,Indirect,-1.803673575,-0.358404713,,
199,Cl2CuH2,TRUE,,,0.9956,Direct,-0.618788465,0.506316926,,
200,Cl2CuO2,TRUE,,,0.0206,Indirect,-1.030982045,0.32516171,,
201,Cl2Dy2O,TRUE,,,-0.124,Indirect,-1.621184075,1.296384464,,
202,Cl2Er2O,TRUE,,,-0.1743,Indirect,-1.648704345,1.276141267,,
203,AsS2Th2,TRUE,,,-1.9448,Indirect,0.326776542,2.2218422,,
204,Cl2Eu2H,TRUE,,,-0.2116,Indirect,-0.638161595,0.92866201,,
205,Cl2FPb2,TRUE,,,-1.4939,Indirect,-0.668544285,0.892543765,,
206,Cl2FSm2,TRUE,,,-0.2262,Indirect,-1.532905965,0.925452125,,
207,Cl2FYb2,TRUE,,,-0.3072,Indirect,-1.620182545,0.48082471,,
208,Cl2GaH,FALSE,1.321,-3.57,4.6124,Direct,-0.894710046,0.115148519,,
209,Cl2Ho2O,TRUE,,,-0.1281,Indirect,-1.631735165,1.286851396,,
210,Cl2N2Pt,TRUE,,,-0.7511,Indirect,0.986263355,1.30725985,,
211,Cl2N2Zn,FALSE,-2.806,0.999,0.1129,Indirect,0.264850825,0.998933888,,
212,Cl2NP,FALSE,-8.181,-4.408,4.0213,Indirect,-0.593386951,0.043775,,
213,Cl2NTh2,TRUE,,,-0.7391,Indirect,-0.731645835,1.292890675,,
214,Cl2NU2,TRUE,,,-0.4593,Indirect,-0.379308275,1.247619967,,
215,Cl2Nd2O,TRUE,,,-0.1943,Indirect,-1.483100935,1.410666137,,
216,AsS,FALSE,-1.118,-3.738,1.7975,Indirect,-0.074044072,0.108692656,,
217,Cl2O2S,FALSE,66.613,-9.656,3.6578,Indirect,-1.281407884,0.0700511,3.346274698,3.181670235
218,Cl2O7,FALSE,17.638,4.948,3.7718,Indirect,-0.864992981,0.288082011,,
219,Cl2OS,FALSE,12.788,-10.063,3.6159,Indirect,-0.93275633,0.0899935,3.355977573,3.724983696
220,AsSe2Th2,TRUE,,,-2.0268,Indirect,0.0305093,1.902805,,
221,Cl2OSi,FALSE,4.401,-16.966,5.6772,Direct,-2.279339932,0.048121187,3.244082589,2.87351002
222,Cl2OSm2,TRUE,,,-0.1135,Indirect,-1.522508105,1.387360637,,
223,Cl2OTb2,TRUE,,,-0.1014,Indirect,-1.598120312,1.325794813,,
224,Cl2OU2,TRUE,,,-0.5232,Indirect,-1.248980045,1.077729733,,
225,Cl2OY2,TRUE,,,-0.098,Indirect,-1.680113045,1.270000617,,
226,Cl2O,FALSE,-6.89,-10.492,0.9128,Direct,-0.254840325,0.3164932,,
227,Cl2Pt,FALSE,-4.649,-3.411,1.7582,Direct,-0.487189964,0.058746278,,
228,Cl2S7Te,FALSE,4.601,-55.276,2.1961,Direct,-0.113970766,0.0846357,,
229,Cl2STl2,FALSE,-55.39,6004.886,1.9647,Indirect,0.057064832,0.93189401,,
230,Cl2Si,FALSE,16.801,-0.932,2.0091,Indirect,-1.087263625,0.120911742,,
231,Cl3CrO,FALSE,11.256,-1.302,0.0233,Direct,-1.356674268,-0.271955025,,
232,AsSe,FALSE,2.296,-28.353,1.3812,Indirect,-0.231552875,0.167513842,,
233,Cl3F2Sb,FALSE,-5.966,-5.341,1.7681,Direct,-1.337910348,0.03479475,,
234,Cl3Ga,FALSE,37.592,-2.678,4.1859,Indirect,-1.105753837,0.080608688,3.620047247,2.385845579
235,Cl3I,FALSE,3.65,39.406,1.7504,Indirect,-0.267621647,0.065960813,,
236,AsTe2Th2,TRUE,,,-2.1482,Indirect,0.13925063,1.550558367,,
237,Cl3MoN,FALSE,-10.583,-2.766,1.7678,Direct,-0.762152588,0.117067289,,
238,Cl3NW,FALSE,-1.296,0.931,2.162,Indirect,-1.003486338,0.05026815,,
239,Cl3N,FALSE,-10.426,-3.398,1.806,Direct,0.443393494,0.540560782,,
240,Cl3O3Re,FALSE,-36.082,16.999,1.9383,Indirect,-1.336123248,0.257383477,,
241,Cl3OP,FALSE,9.616,-9.8,4.5896,Indirect,-1.350428994,0.08088135,2.941477209,3.498667206
242,Au2Ti,TRUE,,,-2.8641,Indirect,0.366303331,0.860549,,
243,Cl3OV,FALSE,5.737,2.62,2.7694,Indirect,-1.727691028,-0.125237203,2.73840027,2.49532694
244,Cl3P,FALSE,-783.96,-7.575,4.2784,Indirect,-0.69933003,0.072929187,2.836920713,2.84810441
245,Cl3Sb,FALSE,-0.805,1.632,3.4698,Indirect,-0.869229322,0.104380875,,
246,Cl3Ta,FALSE,,,0.1011,Indirect,-1.255950818,0.117561,,
247,Cl3W,FALSE,1.034,0.475,0.5129,Indirect,-1.113930235,0.096408719,,
248,Cl4Cu,TRUE,,,-0.1127,Indirect,-0.49009856,0.342477875,,
249,Cl4FNb,FALSE,3.018,147.376,2.6252,Direct,-1.784529734,0.042746833,4.663384713,3.937113497
250,Cl4FSb,FALSE,-22.025,21.482,1.3524,Indirect,-1.042338813,0.036439104,,
251,Cl4FTa,FALSE,-29.84,20082.006,3.1141,Indirect,-1.805614039,0.038938458,,
252,Cl4Ge,FALSE,9.655,1.631,3.8908,Indirect,-0.9430485,0.0847725,2.597945325,2.377949415
253,Cl4H8Si5,FALSE,-32.551,39.122,3.9176,Indirect,-0.730603482,0.050815024,3.630799224,13.84712396
254,Cl4HfO16,FALSE,4.745,65.385,5.3138,Indirect,-1.41932735,0.227758033,,
255,Cl4MoO,FALSE,3.565,-6.494,1.4753,Indirect,-1.374342809,0.092245667,,
256,Cl4N2Pt,FALSE,5.28,-0.796,0.5908,Direct,0.449344521,0.842488614,,
257,Cl4N3Sb,FALSE,3.477,1.107,1.7868,Indirect,-0.177725919,0.335606516,,
258,Cl4O16Zr,FALSE,-108.126,20.082,5.0223,Indirect,-1.422649247,0.231801664,,
259,Cl4OOs,FALSE,8.451,-4.17,1.4821,Indirect,-0.777164059,0.085929333,,
260,Cl4Pb,FALSE,18.45,-4.269,1.9015,Indirect,-0.59427238,0.230087045,,
261,Cl4ReTe2,FALSE,17.08,-25.447,2.2764,Indirect,-0.553640536,0.056754036,,
262,Cl4SW,FALSE,3.942,-5.631,2.2052,Direct,-0.995202724,0.084896208,,
263,Cl4Si,FALSE,-1.718,-5.808,5.6449,Indirect,-1.3053336,0.0873057,2.597688802,2.619535867
264,Cl4Sn,FALSE,-6.255,-7.621,3.4765,Indirect,-0.93390187,0.0963071,3.076550546,2.952342353
265,Cl4Ti,FALSE,-7.966,2.05,3.2538,Indirect,-1.631249084,0.0769667,2.650503264,2.37171578
266,Cl5Mo,FALSE,4.571,-13.272,0.1804,Indirect,-0.927971678,0.058685771,,
267,Cl5N4P3,FALSE,-10.114,20.041,2.6393,Indirect,-0.353973779,0.213843951,,
268,Cl5NSi2,FALSE,8.957,-48.1,5.1902,Direct,-1.310837852,0.067339578,2.417779565,2.515798358
269,AuCl3,FALSE,135.324,25.399,1.454,Indirect,-0.249464715,0.096267481,,
270,Cl5Nb,FALSE,6.974,-14.451,2.2926,Indirect,-1.410235469,0.067591375,,
271,Cl5O4Re2,TRUE,,,1.194,Indirect,-1.542632679,0.056885545,,
272,Cl5Re,TRUE,,,0.0005,Indirect,-0.555563622,0.113697722,,
273,AuCl4P,FALSE,-37.956,-1.579,2.2653,Indirect,-0.588093267,0.064375583,,
274,Cl5Sb,FALSE,-0.757,-3.353,1.5858,Direct,-0.715733486,0.020492667,,
275,Cl5Ta,FALSE,14.673,7.543,2.8619,Indirect,-1.42064565,0.065610667,3.353440292,2.980801608
276,Cl5V,FALSE,-2.064,9.022,1.1215,Indirect,-1.105618444,0.02902975,,
277,Cl5W,FALSE,44.078,5.47,0.2745,Indirect,-1.070196719,0.072296125,,
278,Cl6Mo,FALSE,-4.739,-2.771,1.1229,Indirect,-0.850762697,0.088645571,,
279,Cl6N5W2,TRUE,,,0.0514,Indirect,-0.506831971,0.29996076,,
280,Cl6PdS2,FALSE,13.127,-3.241,1.8727,Indirect,-0.355911702,0.062517544,,
281,Cl6PdSe2,FALSE,6.413,-29.363,1.6097,Indirect,-0.53074977,0.055372556,,
282,AuCl4,TRUE,,,-0.0237,Indirect,-0.075516741,0.228074501,,
283,Cl6PtS2,FALSE,-1.275,-1.358,2.0091,Direct,-0.344784407,0.103356256,,
284,Cl6Re,TRUE,,,0.957,Indirect,-0.583445483,0.096636857,,
285,Cl6U,FALSE,12.283,-3.051,1.4843,Direct,-1.561943268,0.113632714,,
286,Cl6W,FALSE,-7.383,-2.721,1.8567,Indirect,-1.075715411,0.011964714,,
287,Cl7F3Sb2,FALSE,-5.6,-4.365,1.6123,Direct,-1.189697528,0.036043979,,
288,Cl7RhSe2,FALSE,-7.84,-10.084,2.0106,Direct,-0.661741789,0.097549501,,
289,Cl8ISb,FALSE,39.444,-13209.266,1.5229,Indirect,-0.529300515,0.04586816,,
290,Cl8O2Si3,FALSE,2.532,-5.638,5.5419,Indirect,-1.92901415,0.038900115,3.140747751,3.317355451
291,Cl8O9Re4,FALSE,104.27,-3266.15,0.9912,Indirect,-1.7465519,0.025306634,,
292,AuCl5S,FALSE,9.589,4.591,1.7959,Indirect,-0.237714476,0.103928357,,
293,Cl8PtS2,FALSE,5.212,76.015,2.0202,Indirect,-0.371368527,0.0809445,,
294,Cl9Ga2Nb3,FALSE,-0.426,5.665,1.0419,Indirect,-1.27861301,0.076188061,,
295,Cl9NSi3,FALSE,-36.721,97.181,5.4223,Indirect,-1.314037101,0.069702587,2.98426449,2.824263273
296,Cl9NbTe,FALSE,18.689,1.323,2.2297,Indirect,-1.082055245,0.056469466,,
297,Cl9TaTe,FALSE,-20.721,2.257,2.7739,Indirect,-1.091983411,0.051139193,4.910035692,5.051335679
298,Cl9TeW,TRUE,,,1.761,Indirect,-0.888685881,0.054661264,,
299,AuF5,FALSE,-21.426,-41.347,1.0205,Indirect,-0.734806862,0.018051583,,
300,ClF2O2,FALSE,-26.975,-8.068,2.1562,Direct,-0.739557963,0.213226487,,
301,ClF5,FALSE,-20.56,31.584,3.343,Indirect,-0.584808919,0.029455408,2.967148987,3.411232369
302,ClGeH3,FALSE,15.729,-11.51,5.0356,Indirect,-0.575109703,0.113108183,,
303,AuF9Xe,FALSE,4.513,-5.313,1.5618,Indirect,-0.625933102,0.023917744,,
304,ClI,FALSE,22.846,-2.059,1.7959,Indirect,-0.147720849,0.11516209,,
305,ClIn,FALSE,-3.036,-2.79,2.1974,Indirect,-0.743986423,0.205798119,,
306,ClMnO3,FALSE,22.502,-17.559,1.8832,Direct,-1.747729293,-0.18858845,,
307,ClN2S2,FALSE,13.448,-59.367,2.4617,Indirect,0.3872745,0.460452675,,
308,ClN3,FALSE,-6.199,-13.169,2.2293,Direct,0.732206734,0.753653747,,
309,ClN5S4,FALSE,-1.891,-9.102,2.0412,Indirect,0.593008156,0.624125675,,
310,AuHf,TRUE,,,-2.0571,Indirect,0.941714215,1.481252925,,
311,ClNO3,FALSE,-5.147,-7.486,2.8613,Indirect,-0.939099623,0.079552547,3.842731228,2.497437868
312,ClNS,FALSE,-2.546,-2.861,2.7815,Direct,0.267909337,0.396256722,,
313,ClO2,TRUE,,,1.6524,Direct,-0.738637171,0.269002454,,
314,ClO3Re,FALSE,-7.14,-54.031,3.6934,Indirect,-2.085554123,0.091344322,3.151261281,3.01214279
315,Al2Cl8Pd,FALSE,18.386,5.653,1.8043,Indirect,-1.295466896,0.068101364,,
316,ClPdS,FALSE,2.882,6.759,1.0706,Indirect,-0.463311144,0.043045375,,
317,ClS,FALSE,14.102,-19.554,2.1788,Direct,-0.144688953,0.07600625,,
318,ClSe,FALSE,2.142,-11.399,2.1042,Indirect,-0.396104069,0.139120844,,
319,B10BrH13,FALSE,15.662,1.41,3.2434,Indirect,-0.774136351,0.029229792,2.915925852,2.847510382
320,Cr2F2O5,FALSE,198.518,-45.777,2.2908,Indirect,-2.534236322,-0.284545014,,
321,Cr4O15,FALSE,0.096,0.306,0.003,Indirect,-2.305358274,-0.100967941,,
322,B10ClH13,FALSE,41.316,12.034,3.6506,Indirect,-0.783917198,0.029081587,2.876188486,2.7994025
323,CrF2O2,FALSE,-3.218,-41.785,2.6383,Indirect,-2.45327176,-0.281406363,5.528501815,3.645389683
324,CrF4O,FALSE,22.881,-9.687,2.3125,Direct,-2.255440042,-0.075658229,,
325,CrF4,FALSE,-49.552,12.941,0.7957,Indirect,-2.20283283,0.1241162,,
326,CrN2O4,FALSE,53.533,24.598,0.1146,Indirect,-1.11137785,0.546125862,,
327,CrO2,TRUE,,,-0.2742,Indirect,-1.16198325,1.485999771,,
328,B10H13I,FALSE,4.008,-4.03,2.725,Indirect,-0.733761667,0.02824875,,
329,CuI2,TRUE,,,-1.5661,Indirect,-0.5392155,0.361943857,,
330,CuI4,TRUE,,,-0.946,Indirect,-0.44368236,0.128385934,,
331,CuO,TRUE,,,-0.6401,Indirect,-1.685675938,0.398059384,,
332,CuSe2Tl2,TRUE,,,-1.9505,Indirect,-0.389559424,0.492859467,,
333,Dy2FS2,TRUE,,,-0.5754,Indirect,-0.674630848,2.075450617,,
334,Dy2Si2Ti,TRUE,,,-1.2325,Indirect,0.847775937,1.79475566,,
335,Er2I2O,TRUE,,,-0.6037,Indirect,-1.20168404,1.211456267,,
336,F11SbXe,FALSE,-26.853,-18.887,2.1975,Indirect,-1.255351212,0.012746788,,
337,F12P4Pt,FALSE,-25.728,-30.799,5.0171,Indirect,-2.244134713,0.021024824,2.742106165,3.77048904
338,F2Kr,FALSE,4.969,-13.125,3.0563,Direct,-0.008273333,0.079594667,2.043803204,3.682858498
339,F2NP,FALSE,-27.222,-129.575,5.4468,Indirect,-1.703350182,0.027281875,,
340,F2O2Os,FALSE,-109.102,-33.418,1.6024,Direct,-1.6364416,0.2686076,,
341,F2O2Se,FALSE,-36.091,10.408,3.1781,Indirect,-1.520141673,0.243705642,,
342,F2O2Xe,FALSE,0.784,23.796,2.0655,Indirect,0.0029046,0.90066889,,
343,B2Cl2P,FALSE,-16.474,3.215,3.7746,Indirect,-0.740175451,0.326453453,,
344,F2O5S2,FALSE,15.584,-23.191,5.8648,Indirect,-2.071532388,0.033245833,2.856144396,3.546515302
345,F2OS,FALSE,-2.82,-8.128,5.2062,Direct,-1.845932749,0.063576656,2.746488746,4.781191753
346,F2Xe,FALSE,7.791,-14.249,3.0099,Indirect,-0.39300665,0.140636683,,
347,F3H2P,FALSE,-12.723,-5.036,6.6678,Direct,-1.747736905,0.046116083,3.197090577,3.128667729
348,F3I,FALSE,-1.194,-10.611,2.5037,Indirect,-1.310324438,0.132711795,,
349,B2Cl3N,FALSE,-65.075,2.168,4.3304,Indirect,-1.28801412,0.113942861,,
350,F3OSb,FALSE,12.433,3.661,2.6685,Indirect,-2.12592288,0.117480837,,
351,F3OV,FALSE,52.288,-323.137,4.1344,Indirect,-2.82213888,-0.307522175,2.623103713,2.700562803
352,F3Xe,FALSE,-13.507,-8.003,2.634,Indirect,-0.485624125,0.043393204,4.389899651,3.644176511
353,F4Ge,FALSE,9.928,-4.411,5.4531,Indirect,-2.24361887,0.0555628,3.001059777,2.695786039
354,F4HP,FALSE,6.045,-11.479,7.5579,Indirect,-2.14283653,0.020238083,2.571213026,2.691036871
355,F4Mn,TRUE,,,0.0701,Indirect,-1.70112089,0.36999885,,
356,F4N2Si,TRUE,,,0.3539,Indirect,-0.025445407,2.22420825,,
357,F4O2Os,FALSE,-3.293,138.785,2.0131,Indirect,-1.733387257,0.03347522,,
358,F4O3P2,FALSE,5.277,-4.745,5.8744,Direct,-2.756075029,0.021239407,3.157987458,3.232668178
359,F4ORu,FALSE,14.044,-50.645,0.9435,Direct,-1.691564325,-0.067816757,,
360,F4OW,FALSE,97.776,-19.847,2.9686,Indirect,-2.959696117,0.037050583,,
361,F4SW,FALSE,69.009,-26.202,3.3198,Direct,-2.311338824,0.0748165,4.127880494,11.31955882
362,B2H3,FALSE,2.288,-10.162,2.8766,Direct,-0.72030858,0.061843205,2.959711272,2.951240648
363,F4Se,FALSE,-2.299,-61.358,4.5503,Indirect,-1.73219786,0.0539346,10.57014255,3.213722628
364,F4Si,FALSE,-2.433,-201.913,8.195,Indirect,-3.12063207,0.0354483,2.24340065,2.23278703
365,F4V,FALSE,6.718,-2.262,0.2781,Indirect,-2.68967204,0.0630227,,
366,F5Mo,TRUE,,,-0.0173,Indirect,-2.419496833,-0.040610764,,
367,F5Nb,FALSE,27.34,-18.64,4.9869,Indirect,-3.174007667,0.01721925,,
368,F5O2Sb3,FALSE,-9.545,4.689,3.4049,Indirect,-2.276319075,0.100313,,
369,F5OOs,TRUE,,,2.1839,Indirect,-1.680248014,0.046424107,,
370,F5Os,FALSE,17.622,62.041,0.0596,Indirect,-1.563822292,0.023429583,,
371,F5P,FALSE,11.658,-13.712,7.4457,Direct,-2.509850738,0.023876333,2.463182387,2.444507245
372,B2H5,FALSE,-10.807,-12.381,6.3132,Indirect,-0.721527779,0.022731786,2.363035969,2.218367786
373,F5Pt,TRUE,,,-0.1591,Indirect,-1.124916579,-0.013123346,,
374,F5Ru,TRUE,,,-0.0285,Indirect,-1.564960875,-0.003399125,,
375,F5Ta,FALSE,16.981,64.264,5.6793,Indirect,-3.195220139,0.017539583,3.815384655,3.293715319
376,F5V,FALSE,18.902,-25.453,3.0902,Direct,-2.66422285,0.017760792,2.9266457,3.145719191
377,F6I2O3,FALSE,86.143,-54.81,2.2212,Direct,-1.400065868,0.149460898,,
378,F6Ir,TRUE,,,-0.0667,Indirect,-1.3388642,0.047153821,,
379,Al2NNb3,,,,,Direct,2.430872592,3.356868,,
380,F6Pt,TRUE,,,-0.2284,Indirect,-0.9942515,-0.011617629,,
381,F6Re,TRUE,,,3.8431,Indirect,-2.011170414,0.035344429,1.005598612,1.005132721
382,F6Rh,TRUE,,,-0.0819,Indirect,-1.227342207,-0.014744024,,
383,B3H10N,FALSE,199.891,-4.479,5.7562,Indirect,-0.798581539,0.062561334,4.784257919,6.95010588
384,F6S,FALSE,68.591,-40.686,6.2647,Direct,-1.675897713,0.023324786,1.918198274,1.990228546
385,F6Tc,TRUE,,,3.003,Direct,-1.911761807,-0.583545763,1.003564762,1.002943421
386,F6Te,FALSE,43.314,-16.437,4.5656,Indirect,-1.953639325,0.004894786,2.76584881,3.006421013
387,F6U,FALSE,10.968,20.963,2.7958,Indirect,-3.311005129,0.037197,3.419307604,3.469844452
388,F6W,FALSE,-9381.425,-8.908,5.3163,Direct,-2.7840442,0.034012571,3.280876782,3.765370854
389,B3H5N3,FALSE,1.962,-4.373,4.4043,Indirect,-1.1034993,0.109038265,,
390,F7I,FALSE,-98506.933,74.001,1.74,Indirect,-1.269473856,0.022006812,,
391,F7RuXe,TRUE,,,0.0251,Indirect,-1.204193978,0.039375133,,
392,FH3Si,FALSE,-108.649,-7.834,6.3378,Indirect,-1.19262212,0.03488855,3.29525682,2.534403733
393,FHO,FALSE,12.674,109.762,3.3453,Indirect,-1.100788883,0.636581875,,
394,FI2Sm2,TRUE,,,-0.6661,Indirect,-1.0326084,0.916940803,,
395,FI2Tm2,TRUE,,,-0.6564,Indirect,-1.06123474,0.860485093,,
396,FI2Yb2,TRUE,,,-0.6867,Indirect,-1.06109194,0.619462827,,
397,FN5S4,FALSE,-4.934,23.141,2.4769,Indirect,0.442717997,0.636146828,,
398,FNO,FALSE,76.414,19.234,3.2788,Indirect,-0.869580417,0.055688,,
399,FNS,FALSE,-1355.132,-4.625,4.0185,Direct,-0.269179692,0.400205399,,
400,FNd2Se2,TRUE,,,-1.1163,Indirect,-0.92387715,1.807361983,,
401,FOSb,FALSE,1.269,7.862,2.841,Indirect,-2.264707658,0.100616125,,
402,FPr2Se2,TRUE,,,-1.2192,Indirect,-0.95210794,1.8242355,,
403,FS2Tb2,TRUE,,,-0.6849,Indirect,-0.657503684,2.089155867,,
404,B3H7N,TRUE,,,0.843,Indirect,-0.4209456,0.500718714,,
405,Ga2I8Pd,FALSE,2.613,3.308,1.0399,Indirect,-0.380919397,0.077556918,,
406,GaI3,FALSE,-30.991,-1.218,2.1429,Indirect,-0.415063709,0.09693765,,
407,Ge2Ho2Ti,TRUE,,,-1.1749,Indirect,0.704095647,1.658112413,,
408,Ge2I2S3,FALSE,-2.145,1.514,2.1501,Indirect,-0.293928269,0.057488679,,
409,Ge2Nd2Ti,TRUE,,,-1.0316,Indirect,0.714653077,1.63040755,,
410,Ge2Pr2Ti,TRUE,,,-1.0895,Indirect,0.679401887,1.63437915,,
411,Ge2S5,FALSE,1.908,-26.982,1.8698,Indirect,-0.216414031,0.09830475,,
412,Ge2Sm2Ti,TRUE,,,-1.0686,Indirect,0.705099907,1.634268714,,
413,Ge2Tb2Ti,TRUE,,,-1.1561,Indirect,0.6988357,1.6439952,,
414,Ge2TiTm2,TRUE,,,-1.1884,Indirect,0.702279247,1.64871374,,
415,GeI4,FALSE,18.553,-7.338,1.6489,Indirect,-0.18414807,0.14840752,,
416,GeSb2Zr2,TRUE,,,-1.7257,Indirect,0.508596977,1.2530999,,
417,GeSe3Tl2,FALSE,3.85,0.271,1.4097,Indirect,-0.484614612,0.140115917,,
418,H2LiO2,TRUE,,,-1.227,Indirect,-1.472718575,0.653654612,,
419,B4H16Hf,FALSE,-2.723,-1.253,5.6114,Direct,-0.820199967,0.015668524,3.247388346,3.284022456
420,H2O4Pb3,FALSE,76.057,-2.705,2.7819,Direct,-1.863177767,0.0834775,8.228956582,5.545064174
421,H2O4S,FALSE,9.377,15.204,6.4248,Indirect,-2.111861256,0.042364214,4.46157688,3.800445279
422,H2O4Sn3,FALSE,-59.783,-5.434,2.4746,Indirect,-2.003990611,0.085879204,,
423,H2OSi,TRUE,,,-0.0177,Indirect,-1.131889162,0.684497813,,
424,H2O,FALSE,-6.527,-6.394,4.6237,Direct,-1.795931133,0.157223611,,
425,H2S3Si2,FALSE,-4.559,2.337,3.297,Indirect,-0.662661797,0.063043571,3.742675156,3.268308486
426,H2S,FALSE,21.45,-80.335,4.1314,Indirect,-0.525363798,0.072650167,,
427,B4H16Zr,FALSE,-3.884,1.477,5.2065,Indirect,-0.829416863,0.013674524,3.219602109,3.295279298
428,H3N,FALSE,-3.572,-83148.044,3.4957,Direct,-0.775130738,0.062335312,,
429,H3O3P,FALSE,-13.476,6.162,5.4913,Indirect,-2.144370287,0.087031481,,
430,H4N3P,FALSE,-6.001,14.213,3.7582,Indirect,-0.687990952,0.041807187,,
431,H4N,TRUE,,,9.7988,Indirect,-0.41702827,0.38169889,,
432,H4O8V3,TRUE,,,-0.1359,Indirect,-2.43086618,0.416039228,,
433,H4O9Re2,FALSE,10.693,11.94,3.434,Indirect,-2.320536933,0.015642361,5.380896831,7.9688299
434,B4N2O11,FALSE,21.827,-14.423,1.8965,Indirect,-2.348084735,0.28049588,,
435,H6O6Te,FALSE,-3.971,-7.893,3.3027,Direct,-1.902152913,0.0771425,,
436,H6OSi2,FALSE,4.675,-20.46,5.2532,Indirect,-1.083899444,0.042784028,2.907887583,2.501985596
437,H8N10Zn,FALSE,5.767,-4.812,3.9217,Indirect,-0.230974761,0.232913623,,
438,H9NSi3,FALSE,12.229,40.09,4.2366,Indirect,-0.649223873,0.028890769,2.960757307,2.988721956
439,HIO3,FALSE,-3.781,-2.375,2.4847,Direct,-1.38091,0.163267958,,
440,HNO,FALSE,5.199,1.193,3.2316,Indirect,-0.767790917,0.515524772,,
441,HNS3,FALSE,18.446,-4.558,3.0661,Indirect,-0.019869536,0.21436445,,
442,HNS7,FALSE,-1.141,-6.982,2.8635,Direct,0.016122882,0.145035917,,
443,HNS8,FALSE,-3.328,-5.127,2.4654,Indirect,0.051021685,0.1667696,,
444,HNS9,FALSE,2.26,0.732,2.3147,Indirect,0.048454341,0.153430795,,
445,HNS,FALSE,9.004,145.958,3.3078,Indirect,-0.083668081,0.308547333,,
446,Hf2S2Si,TRUE,,,-1.2739,Indirect,0.347293212,1.7464081,,
447,Hf2SiTe2,TRUE,,,-1.2145,Indirect,0.3362287,1.2502598,,
448,HgI2,FALSE,0.859,-111.181,1.6897,Indirect,-0.193812967,0.036006356,,
449,I2La2O,TRUE,,,-0.3844,Indirect,-1.17569974,1.28267571,,
450,I2Lu2O,TRUE,,,-0.6592,Indirect,-1.2281415,1.17452592,,
451,I2N2S,FALSE,1.921,-1.255,1.4325,Direct,0.718355361,0.74261516,,
452,I2NTh2,TRUE,,,-0.6108,Indirect,-0.22876173,1.3184375,,
453,AlB3H12,FALSE,8.354,-25.434,6.2886,Indirect,-0.716258575,0.017867969,3.14997919,3.720250847
454,I2NU2,TRUE,,,-0.2446,Indirect,0.30491023,1.5020243,,
455,B5F6,FALSE,13.715,-16.566,3.3007,Indirect,-2.157124264,0.189493591,,
456,I2OPr2,TRUE,,,-1.2042,Indirect,-1.14136922,1.293474688,,
457,I2OSm2,TRUE,,,-1.3441,Indirect,-1.121823,1.282007768,,
458,I2OTm2,TRUE,,,-0.6233,Indirect,-1.21565246,1.188707787,,
459,I2OYb2,TRUE,,,-0.6384,Indirect,-1.22096918,0.992333533,,
460,I2P4S3,FALSE,-2.128,5.431,2.0277,Indirect,-0.064055122,0.088451278,,
461,I2P4Se3,FALSE,4.187,-3.229,1.8959,Indirect,-0.13951863,0.088633806,,
462,I2STl2,TRUE,,,-0.3531,Indirect,0.267581357,0.80923107,,
463,B5H11,FALSE,4.179,6.802,4.6374,Indirect,-0.705218884,0.047921669,2.787478816,2.609136755
464,I2Si,,,,,Direct,-0.32228865,0.107165683,,
465,I3In,FALSE,2.211,-0.881,2.108,Indirect,-0.43023619,0.116169606,,
466,I3Sb,FALSE,4.26,-1.275,1.5836,Indirect,-0.259295558,0.151624442,,
467,I3Si,FALSE,1.9,-1.503,2.6319,Direct,-0.36449105,0.082913113,5.068591498,4.450692081
468,I4O2Pt,TRUE,,,-0.6851,Indirect,-0.227353986,0.508246243,,
469,I4Si,FALSE,-1.852,-6.136,2.6119,Indirect,-0.29947809,0.13518834,,
470,I4Sn,FALSE,4.934,-16.075,1.7736,Direct,-0.24234432,0.120973715,,
471,I4Ta,FALSE,3.806,3.778,0.7702,Indirect,-0.443397707,0.084164106,,
472,I5Nb,FALSE,0.968,-137.392,0.7555,Indirect,-0.480030292,0.089101646,,
473,I5Ta,FALSE,-2.423,-0.634,1.054,Direct,-0.446865514,0.078672958,,
474,B5H4N2,FALSE,-45.717,-59.369,2.8071,Direct,-0.586958418,0.544856327,,
475,B5H4,,,,,Direct,-0.4073079,0.374732778,,
476,IP3Se4,FALSE,-3.049,-9.057,1.5517,Indirect,-0.15654783,0.128670006,,
477,LiMnO,FALSE,-154049.741,19289.033,0.0563,Indirect,0.438004458,2.381964351,,
478,Mn2O7,FALSE,20.674,3.736,1.7942,Indirect,-2.064995359,-0.172666581,,
479,B5H7,FALSE,2.737,-6.28,3.5881,Direct,-0.763897421,0.023780312,2.92951048,3.193013426
480,MnNd2Si2,TRUE,,,-1.0299,Indirect,1.19595462,1.952984808,,
481,MnO2,FALSE,-6809.711,8568.556,0.1634,Direct,-0.720174883,1.599441533,,
482,MnO4,TRUE,,,-0.1576,Indirect,-1.74812345,0.0587478,,
483,MnPr2Si2,TRUE,,,-0.91,Indirect,1.16904807,1.958999348,,
484,MnSi2Sm2,TRUE,,,-1.184,Indirect,1.15537123,1.938268588,,
485,MoO2,TRUE,,,-0.3913,Indirect,-1.1253244,1.97548725,,
486,N18W,FALSE,2.089,4.941,1.9811,Indirect,0.518294079,0.62849378,,
487,B5H8,FALSE,-13.581,-4.979,4.4174,Direct,-0.710286862,0.066764047,2.795651318,3.103826511
488,N2O2S3,FALSE,-4.085,1.416,1.312,Indirect,-0.547981426,0.312032179,,
489,N2O5S3,FALSE,7.502,14.3,2.694,Indirect,-1.172337478,0.338842437,,
490,N2O8Pd,FALSE,14.539,0.964,0.2397,Indirect,-0.967784268,0.361632705,,
491,N2OS2,FALSE,8.37,-9.73,1.7703,Indirect,-0.153725658,0.444727425,,
492,N2O,FALSE,16.047,-14.231,5.9637,Direct,-0.359748367,0.217759688,,
493,N2PbS2,FALSE,3.419,-7.695,1.3039,Indirect,0.403773432,0.64300391,,
494,N2PdS6,FALSE,-3.968,-2.088,1.0728,Direct,0.195654976,0.307314833,,
495,N2S3Te,FALSE,3.479,-2.906,0.8586,Indirect,0.517615807,0.524408789,,
496,N3O10V,FALSE,12.78,-28.473,3.0169,Indirect,-1.748263882,0.032589464,3.30320474,2.745667031
497,B5H9,FALSE,17.707,-4.437,5.6741,Indirect,-0.718742275,0.049199927,2.701986943,2.812683047
498,N3S4Sb,TRUE,,,-0.1088,Indirect,0.635482378,0.734370422,,
499,N3S5,TRUE,,,0.7053,Direct,0.534645098,0.526778828,,
500,N4O12Sn,FALSE,19.683,-28.703,3.7679,Indirect,-1.462810606,0.024488735,,
501,N4O3S5,FALSE,-10.279,-2.89,1.7545,Indirect,-0.371145439,0.379884615,,
502,N4O6Pt,FALSE,129.128,-11151.352,1.1266,Direct,-0.262955064,0.81261075,,
503,N4PtS4,FALSE,3.213,94.045,0.8283,Indirect,0.481107669,0.607286022,,
504,N6O8S7,FALSE,8.175,-10.857,0.3753,Indirect,-0.770150998,0.378748905,,
505,N6S5,FALSE,-6.059,-26.73,2.2524,Indirect,0.673069639,0.662872409,,
506,N9PS,FALSE,14.1,22.063,3.2579,Indirect,0.516063975,0.587261212,,
507,N9Sb,FALSE,-40.034,-1.652,2.614,Direct,0.60258449,0.592457013,,
508,NO2,FALSE,31.424,-4.644,2.2228,Direct,-1.120430928,0.050998306,,
509,NOS2,FALSE,4.785,2.661,1.704,Indirect,-0.446987134,0.3051825,,
510,NS2,FALSE,-48.332,-5.008,1.6147,Indirect,0.467161187,0.459864708,,
511,NS3,FALSE,-1.635,0.563,1.501,Indirect,0.39392968,0.387772781,,
512,NS7,TRUE,,,1.0391,Direct,0.289850761,0.285403234,,
513,NS,FALSE,-19.167,22.493,2.1197,Indirect,0.582227766,0.572652125,,
514,NSe,FALSE,62.62,-7.944,1.8646,Indirect,0.690546483,0.85472849,,
515,B6CrH16,FALSE,-4.173,-3.132,2.1915,Direct,-0.696350589,0.061774525,,
516,O2P,FALSE,-7.981,-7.58,4.6056,Direct,-2.71747046,0.086221709,,
517,O2S,FALSE,8.292,-3.007,2.9894,Direct,-1.916286098,0.103179833,,
518,O2Sb,TRUE,,,0.6472,Direct,-0.550418583,1.89447085,,
519,O2SiZr2,TRUE,,,-0.7254,Indirect,-0.773016923,2.45958265,,
520,O2Sn,FALSE,-13.358,-1.858,2.4456,Direct,-0.768832133,2.01085005,,
521,O2Ti,TRUE,,,0.2193,Direct,-1.220389622,2.8997395,,
522,O2V,TRUE,,,0.0173,Indirect,-1.224836433,2.21790275,,
523,O3P2S2,FALSE,2.875,-4.829,4.1821,Direct,-1.806788335,0.054544457,3.978520518,4.31152995
524,O3P2Se,FALSE,58.638,-17.669,3.4252,Indirect,-2.065292976,0.128763633,,
525,O3P2,FALSE,5.619,-17.192,3.7836,Indirect,-2.383230432,0.140091401,,
526,O3P4S6,FALSE,3.697,-2.885,3.1488,Direct,-1.017220852,0.064058077,3.891081301,2.89296386
527,O3Rh,TRUE,,,-0.3974,Indirect,-1.113419088,0.898687656,,
528,O3S,FALSE,12.854,-12.428,5.4307,Direct,-2.095360807,0.036756042,2.852150289,3.05109671
529,O3Sb2,FALSE,32.624,6.923,2.9089,Indirect,-2.20034115,0.0907932,14.43856543,9.398914792
530,O3Se,FALSE,-31.742,-72.138,2.4611,Indirect,-1.49861125,0.243183531,,
531,O4Os,FALSE,-38.083,11.249,3.2909,Indirect,-1.99635788,0.0701518,2.961734194,3.337657233
532,O4Ru,FALSE,16.951,-9.184,2.8723,Direct,-1.81680568,0.08867265,2.615607144,2.785409486
533,O4S2Sn,FALSE,-4.484,-6.547,2.4318,Indirect,-1.890219813,0.17741908,,
534,O4Sr,TRUE,,,0.2611,Direct,-1.3234544,1.11137085,,
535,O5P2,FALSE,59.662,-4880.31,5.4754,Indirect,-2.915511015,0.088445679,,
536,Ac2Cl2O,TRUE,,,-0.3384,Indirect,-1.724411635,1.29139462,,
537,O6P4S3,FALSE,6.285,1.639,4.1557,Indirect,-1.923366046,0.079689769,3.524605144,3.714291704
538,O6P4S,FALSE,9.472,-3.381,3.7279,Direct,-2.216066128,0.10708875,,
539,O6P4Se3,FALSE,4.974,-42.642,3.4586,Indirect,-1.921217801,0.140911431,,
540,B9H11N4,FALSE,117.836,-438.846,3.0452,Indirect,-0.650088231,0.450958066,,
541,O6P4Se,FALSE,3.404,4.052,3.0497,Indirect,-2.204144547,0.141140114,,
542,O6Te,TRUE,,,-0.2608,Indirect,-0.595654425,1.158732875,,
543,O7P4S,FALSE,-19.307,3.986,4.1724,Indirect,-2.409906501,0.069586562,3.886075823,4.141150864
544,O7P4Se,FALSE,8.753,3.836,3.696,Indirect,-2.406670885,0.093635375,3.883865746,4.549037827
545,O7P4,FALSE,3.536,10.899,4.1251,Indirect,-2.580521508,0.095729599,4.591659681,3.20746675
546,O7Re2,FALSE,2.597,-4.834,2.7507,Direct,-2.497696911,0.093832083,6.941064523,4.302252417
547,O7Tc2,FALSE,4.032,-11.949,2.7782,Indirect,-2.412437189,0.039852222,4.435131462,3.753189389
548,OS8,FALSE,4.606,6.392,2.3645,Indirect,-0.2210259,0.113269958,,
549,OSe2U2,TRUE,,,-0.5745,Indirect,-0.9714446,1.377354787,,
550,BBr3,FALSE,3.299,2.936,3.757,Indirect,-0.960307635,0.094476875,2.478476092,2.588713259
551,OSn2,TRUE,,,-1.4865,Indirect,-0.922890033,0.51625795,,
552,OTe2U2,TRUE,,,-1.142,Indirect,-0.69185547,1.148166542,,
553,P2S3,FALSE,-20.448,3.442,2.558,Indirect,-0.100540178,0.073354281,5.103140117,3.794420245
554,P2S5,FALSE,-1.151,-3.4,2.2582,Indirect,-0.088332511,0.059064429,,
555,BBr6P,FALSE,4.808,-6.763,2.5661,Direct,-0.841706926,0.085349813,4.910231296,2.681143703
556,P2Se5,FALSE,-4.516,-3.244,1.1287,Direct,-0.217219123,0.149467393,,
557,P4S3,FALSE,2.364,0.428,2.6667,Indirect,-0.033625643,0.104147393,,
558,P4S5,FALSE,-4.6,0.912,2.2504,Indirect,-0.084459298,0.080070347,,
559,P4S7,FALSE,-2.108,-6.122,2.5616,Indirect,-0.080978398,0.100578182,,
560,P4S9,FALSE,-4.145,-81.118,2.6561,Indirect,-0.097394505,0.061529615,4.325557644,3.389896987
561,P4Se3,,,,,Direct,-0.103432367,0.138666787,,
562,BBrS,FALSE,4.502,-2.878,3.4431,Direct,-0.860867725,0.051120278,2.892685606,2.764112517
563,P4Se5,FALSE,1.484,-15.104,1.4562,Indirect,-0.18005808,0.124231667,,
564,P4Tc,FALSE,1.018,0.158,0.1613,Indirect,0.073947257,0.50358895,,
565,PS2Zr2,TRUE,,,-1.8227,Indirect,0.222585343,1.838754575,,
566,PS,FALSE,-0.572,-1.242,2.3252,Direct,-0.043431074,0.109392555,,
567,PSe2Th2,TRUE,,,-2.0618,Indirect,0.111629874,2.0422474,,
568,RuSi2Sm2,TRUE,,,-1.1027,Indirect,1.01916984,1.97803565,,
569,S2Ta,TRUE,,,-0.7134,Indirect,0.50113716,1.617510833,,
570,S4Si,TRUE,,,-0.905,Indirect,-0.066510025,0.3832168,,
571,STl6,TRUE,,,-1.0932,Indirect,0.156831478,0.303868635,,
572,BBr,FALSE,-2.059,-2.98,1.2403,Direct,-0.895505457,0.062351583,,
573,SbSe2Th2,TRUE,,,-2.0283,Indirect,0.02687669,1.75481125,,
574,Se2SiZr2,TRUE,,,-1.2338,Indirect,0.013388237,1.508058867,,
575,Se2Si,FALSE,2.374,-57.327,1.7902,Indirect,0.020549117,0.821567583,,
576,Se3SiTl2,FALSE,7.96,0.586,2.1056,Indirect,-0.612188112,0.131114833,,
577,Se,FALSE,-11.77,-5.475,1.567,Indirect,-0.32266245,0,,
578,SiTe2Zr2,TRUE,,,-1.1187,Indirect,0.258144567,1.30216704,,
579,TbTe2,TRUE,,,-2.1302,Indirect,-0.040936306,1.233261472,,
580,BCl2N,FALSE,3.104,-11.04,2.9317,Direct,-0.750082119,0.364901229,,
581,AlBr3S,TRUE,,,-0.6765,Indirect,-0.740406927,0.4506633,,
582,BCl3,FALSE,3.845,4.997,4.6696,Indirect,-1.16748826,0.082732875,2.254099755,2.408630683
583,BClN,TRUE,,,-0.035,Indirect,-0.54619411,0.765604347,,
584,BCl,FALSE,-4190.003,-6065.494,0.2868,Direct,-0.998744498,0.089403625,,
585,BF2,FALSE,-7.531,-182.1,5.1751,Direct,-2.561097967,0.137212278,,
586,BH2N,FALSE,4.281,-11.76,5.1231,Indirect,-1.052136663,0.111111792,,
587,BH2O2,FALSE,3.912,4.436,4.892,Indirect,-2.33836242,0.22772754,,
588,BH3O3,FALSE,-1.742,16.354,5.3566,Indirect,-2.507769336,0.068532857,3.697206748,4.217347693
589,AlBr3,FALSE,3.847,-4.59,4.2001,Direct,-1.40359601,0.085926313,2.967877216,2.626619994
590,BH3,FALSE,5.416,-5.256,5.2854,Indirect,-0.703869075,0.027829494,2.439568181,2.45646805
591,BH4N,FALSE,13.539,-2.914,5.1195,Direct,-0.943727408,0.038794306,3.416286116,16.69383457
592,BH6N,FALSE,1.818,-2.44,5.5102,Direct,-0.860685969,0.031472375,3.468914968,20.65899918
593,BH7N2,FALSE,13.175,-8.841,4.8013,Direct,-0.657131565,0.267367883,,
594,BHO2,FALSE,5.011,-4.059,5.9354,Direct,-2.954784029,0.091885521,,
595,BI3,FALSE,2.85,3.534,2.7471,Indirect,-0.14421125,0.118683438,,
596,AlBr8Nb,FALSE,-0.714,-2.945,1.496,Direct,-1.365323644,0.0717339,,
597,BS2,FALSE,-2.792,2.425,2.4076,Indirect,-0.610130054,0.039502833,,
598,Bi2Br2O,TRUE,,,-2.3038,Indirect,-0.741127272,0.744604163,,
599,Bi2Cl2O,TRUE,,,-1.0998,Indirect,-0.611065225,0.872254133,,
600,Bi2F2O,TRUE,,,0,Direct,-1.13530976,1.0373886,,
